misspelled_word,expected_word,predicted_word,correct,approach,edit_distance
rainning,raining,raining,True,EditDistance,1
rainning,raining,raining,True,Probabilistic,1
raning,raining,raging,False,EditDistance,1
raning,raining,ranging,False,Probabilistic,1
writtings,writings,writings,True,EditDistance,1
writtings,writings,writings,True,Probabilistic,1
yello,yellow,yellow,True,EditDistance,1
yello,yellow,yellow,True,Probabilistic,1
forer,four,former,False,EditDistance,1
forer,four,former,False,Probabilistic,1
fours,four,fours,False,EditDistance,0
fours,four,fours,False,Probabilistic,0
fuore,four,fore,False,EditDistance,1
fuore,four,fore,False,Probabilistic,1
fore,four,fore,False,EditDistance,0
fore,four,fore,False,Probabilistic,0
for,four,for,False,EditDistance,0
for,four,for,False,Probabilistic,0
woodes,woods,wooden,False,EditDistance,1
woodes,woods,wooden,False,Probabilistic,1
haing,hanging,having,False,EditDistance,1
haing,hanging,having,False,Probabilistic,1
agression,aggression,aggression,True,EditDistance,1
agression,aggression,aggression,True,Probabilistic,1
loking,looking,looking,True,EditDistance,1
loking,looking,looking,True,Probabilistic,1
begining,looking,beginning,False,EditDistance,1
begining,looking,beginning,False,Probabilistic,1
luing,looking,lying,False,EditDistance,1
luing,looking,lying,False,Probabilistic,1
look,looking,look,False,EditDistance,0
look,looking,look,False,Probabilistic,0
locking,looking,locking,False,EditDistance,0
locking,looking,locking,False,Probabilistic,0
lucking,looking,lacking,False,EditDistance,1
lucking,looking,lacking,False,Probabilistic,1
louk,looking,look,False,EditDistance,1
louk,looking,look,False,Probabilistic,1
looing,looking,looking,True,EditDistance,1
looing,looking,looking,True,Probabilistic,1
lookin,looking,looking,True,EditDistance,1
lookin,looking,looking,True,Probabilistic,1
liking,looking,liking,False,EditDistance,0
liking,looking,liking,False,Probabilistic,0
eligble,eligible,eligible,True,EditDistance,1
eligble,eligible,eligible,True,Probabilistic,1
elegable,eligible,eligible,True,EditDistance,2
elegable,eligible,eligible,True,Probabilistic,2
eligable,eligible,eligible,True,EditDistance,1
eligable,eligible,eligible,True,Probabilistic,1
electrisity,electricity,electricity,True,EditDistance,1
electrisity,electricity,electricity,True,Probabilistic,1
electricty,electricity,electricity,True,EditDistance,1
electricty,electricity,electricity,True,Probabilistic,1
electrizity,electricity,electricity,True,EditDistance,1
electrizity,electricity,electricity,True,Probabilistic,1
schold,scold,scold,True,EditDistance,1
schold,scold,scold,True,Probabilistic,1
skold,scold,sold,False,EditDistance,1
skold,scold,sold,False,Probabilistic,1
imature,immature,mature,False,EditDistance,1
imature,immature,mature,False,Probabilistic,1
apropriation,appropriation,appropriation,True,EditDistance,1
apropriation,appropriation,appropriation,True,Probabilistic,1
furr,fur,fur,True,EditDistance,1
furr,fur,fur,True,Probabilistic,1
fer,fur,for,False,EditDistance,1
fer,fur,for,False,Probabilistic,1
stabed,stabbed,stayed,False,EditDistance,1
stabed,stabbed,stayed,False,Probabilistic,1
distrebe,disturb,distress,False,EditDistance,2
distrebe,disturb,distress,False,Probabilistic,2
desturb,disturb,disturb,True,EditDistance,1
desturb,disturb,disturb,True,Probabilistic,1
reclections,recollections,reflections,False,EditDistance,1
reclections,recollections,reflections,False,Probabilistic,1
recolections,recollections,recollections,True,EditDistance,1
recolections,recollections,recollections,True,Probabilistic,1
prise,prize,rise,False,EditDistance,1
prise,prize,rise,False,Probabilistic,1
prizer,prize,prize,True,EditDistance,1
prizer,prize,prize,True,Probabilistic,1
wensday,wednesday,wednesday,True,EditDistance,2
wensday,wednesday,wednesday,True,Probabilistic,2
wedensday,wednesday,wednesday,True,EditDistance,1
wedensday,wednesday,wednesday,True,Probabilistic,2
sucession,succession,secession,False,EditDistance,1
sucession,succession,secession,False,Probabilistic,1
sucesion,succession,secession,False,EditDistance,2
sucesion,succession,secession,False,Probabilistic,2
succesion,succession,succession,True,EditDistance,1
succesion,succession,succession,True,Probabilistic,1
strate,straight,state,False,EditDistance,1
strate,straight,state,False,Probabilistic,1
strait,straight,strait,False,EditDistance,0
strait,straight,strait,False,Probabilistic,0
staidght,straight,straight,True,EditDistance,2
staidght,straight,straight,True,Probabilistic,2
stright,straight,straight,True,EditDistance,1
stright,straight,straight,True,Probabilistic,1
